numGenerations,meanSquaredError
15, 0.04784769071394651
15, 0.7229920992208281
15, 0.016432039372057682
15, 0.939579636910767
15, 0.4181365773049684
15, 0.32672137393688244
15, 0.06708921117291995
15, 0.903242157263292
15, 0.20568405577579302
15, 0.918180016674688
15, 0.22202186049387607
15, 1.2431762979998993
15, 0.0814841306231672
15, 0.21588023804479814
15, 0.1853595070842641
15, 2.447829159404635
15, 0.5414318265339697
15, 0.3615530592392312
15, 0.25301068122466897
15, 0.11239295015335572
15, 0.1991844213286914
15, 0.3460834686282322
15, 0.3134917974515983
15, 0.26806130565375447
15, 0.05469816076517161
15, 0.07540227652917306
15, 0.49837063115693697
15, 0.03950064209442848
15, 13.373892965488876
15, 0.3390652547920892
15, 0.3515711989775661
15, 0.20836538723214595
15, 0.3753169427615174
15, 0.22170113293802624
15, 0.43554260542730483
15, 0.16792928752798653
15, 0.12324274877995127
15, 1.1726799669314616
15, 0.03648545916566767
15, 0.6403296731532087
15, 0.18914528314646356
15, 2.765859570596549
15, 0.09289860979639437
15, 2.04849616541677
15, 0.340342872214506
15, 0.07077481587757757
15, 1.0943707580305315
15, 4.014116885912186
15, 0.7574364613072375
15, 0.1542605172373213
15, 2.165072792389352
15, 0.1128122776703777
15, 0.19690072725597657
15, 0.17516545407713013
15, 2.149404625228683
15, 0.34674726889607066
15, 0.7091820524536115
15, 0.26278159866844447
15, 0.34110015610928457
15, 0.6302297759451565
15, 0.457126141979527
15, 0.7656038381928973
15, 0.21953829860407367
15, 0.4481264059603306
15, 0.14097867175765508
15, 0.20772518947143154
15, 0.17722562223579608
15, 0.1588577699852443
15, 0.2930583440092342
15, 0.06724562791280068
15, 0.07277322124399209
15, 4.860339975479348
15, 1.353518329701149
15, 6.553396941022762
15, 0.2840293449372542
15, 0.1340051116768657
15, 0.23553246016638613
15, 0.2742922421432741
15, 2.673390308554088
15, 0.1900047319885277
15, 0.517777070789698
15, 0.04556410413165009
15, 0.17393980114775115
15, 1.1912792824482064
15, 0.21525270718268638
15, 0.48492233084529535
15, 0.4812148656807677
15, 0.06690206285623859
15, 0.28611206851864096
15, 0.03546393428849231
15, 0.2590512255560625
15, 8.330712280343084
15, 0.5177620271230662
15, 0.36485185427195793
15, 0.13347807020372207
15, 0.17473984414761096
15, 0.03428936370498172
15, 0.7083542197269547
15, 0.07648406744463568
15, 0.6039244154924968
15, 0.0506257280003906
15, 0.1887578762731527
15, 3.555346608332279
15, 0.19862611956676868
15, 0.06222814218728278
15, 0.09084160493112806
15, 0.0921788606011487
15, 0.16162413521208094
15, 0.9719420060282277
15, 0.07540089343963804
15, 1.5513715693002068
15, 0.6004289988597054
15, 0.13896696243062506
15, 0.5384569105490643
15, 1.554932504245031
15, 0.6764700028935556
15, 0.39804574105172846
15, 0.06096483598065992
15, 0.08933229196628109
15, 0.11072070777299668
15, 0.11895152252848892
15, 0.07601877425552166
15, 0.22686814683892204
15, 0.2699909879258893
15, 0.247440802162109
15, 0.29392612857620326
15, 0.17531084314707096
15, 0.19452572573506072
15, 0.04632663449437127
15, 0.19307633110659486
15, 0.05289142909882404
15, 0.18059397618767495
15, 0.405252207203945
15, 0.05074734969218465
15, 4.869226016322913
15, 0.003345751336192481
15, 0.31341804528236755
15, 0.15717726074983057
15, 0.08593660839639929
15, 0.8515803482564375
15, 0.2857417506554939
15, 0.17175376390490954
15, 0.08066028321366063
15, 0.258587283864995
15, 0.055297987966738724
15, 0.9570644219475585
15, 0.05634144366412556
15, 0.342674099449144
15, 0.8764016135327204
15, 4.131284964508664
15, 0.13161303827317
15, 0.2667595174870278
15, 0.5935579061606361
15, 0.060963920883234005
15, 0.25074300401449884
15, 0.1363959790015982
15, 0.753482173339494
15, 0.15037220671774865
15, 0.3979138248856779
15, 3.753498079414342
15, 0.8217444627000544
15, 0.8386114372452926
15, 0.0971449030567735
15, 0.37642234475104197
15, 0.09183572207160179
15, 0.07197956134960705
15, 2.653457197576959
15, 0.1701663308997212
15, 0.07898501229815612
15, 0.15375476233116211
15, 0.03488409190389252
15, 0.2652037664404123
15, 0.1304307588878346
15, 0.2891429196956068
15, 0.13602937183404204
15, 0.29077165880888617
15, 0.23200737417449355
15, 1.1529815834846713
15, 0.11730865509186504
15, 0.06770365406031288
15, 0.12604751917199553
15, 0.48890801274786744
15, 0.06581940280618372
15, 0.08248585368561506
15, 0.31098175766887354
15, 0.529534763468324
15, 0.13712310252508353
15, 0.026923066442128447
15, 0.7690043904599115
15, 0.046048141104079524
15, 0.38634794953756424
15, 0.8696780727808924
15, 0.4909149437619217
15, 0.3282545456377506
15, 0.8564608081994283
15, 0.1235278801566289
15, 0.12064552203191686
15, 0.4524271844593714
15, 0.34690983561786
15, 0.3166890569459241
15, 0.6406049463698867
15, 0.3727255974153004
15, 2.548018532912093
15, 0.3313322004903885
15, 3.228535308829861
15, 0.10937966331518346
15, 0.21636127263102983
15, 2.899932959747695
15, 0.06276824427125369
15, 0.41698988283304245
15, 0.13954396042814513
15, 1.935407366420005
15, 0.019266773608624378
15, 0.29119288538620425
15, 0.004883211960571512
15, 0.17667056987925162
15, 0.8914221855024806
15, 0.026079950522429167
15, 1.1236918546659782
15, 1.5784895577521423
15, 0.23291934059014455
15, 0.27356903887855666
15, 0.5494715790431662
15, 0.05872778603435309
15, 0.6306912861806881
15, 2.449255464733243
15, 0.13714793161964584
15, 0.5722203104112076
15, 0.05115942229068235
15, 1.5596889939111873
15, 0.12657928175956007
15, 0.11884130661274177
15, 0.3095573236542794
15, 0.4082719411214678
15, 1.2639962204147113
15, 0.20198804901429093
15, 0.10264152985904748
15, 0.07507315152162591
15, 0.2688584118630712
15, 0.3179989781357941
15, 2.2122268138876997
15, 0.03781778654634669
15, 0.1637989059781879
15, 2.9247598645471435
15, 3.014193171345101
15, 0.5205914744015782
15, 0.37930699856773115
15, 0.2142612564523417
15, 0.11505469684363383
15, 0.32608511419493347
15, 0.08071092870039213
15, 0.7494132216496312
15, 0.13461319673851993
15, 0.808911610077592
15, 0.2867061197555388
15, 4.0329128236192675
15, 0.5028810159918633
15, 0.7991359727367306
15, 0.8911510748854929
15, 0.044140575096132124
15, 0.565583699761739
15, 1.0789219501768903
15, 0.15624557892636462
15, 2.3869002633749337
15, 0.0702338171067038
15, 0.016825395930004993
15, 0.1699230947494472
15, 0.22383261257014583
15, 0.28203917314343085
15, 0.4575290350482978
15, 0.08239545787240457
15, 0.1277781649408163
15, 0.14308969348298614
15, 0.3961921421485293
15, 0.7241139712900924
15, 0.07278345726739953
15, 3.4665282460435334
15, 0.2485374317877172
15, 1.7823209875046861
15, 6.87558212147058
15, 0.14776693874476954
15, 0.3549799700723152
15, 2.497958968567452
15, 0.5568868220273722
15, 0.20658552613764072
15, 0.7167071989545177
15, 0.09214877423312778
15, 0.8103678849849442
15, 0.22251547488149137
15, 0.23074347553021876
15, 0.07001396749845121
15, 0.46096724901083036
15, 0.33226012935391874
15, 0.10959864916920692
15, 0.5701301476998133
15, 0.6582392125513719
15, 0.2126407007891806
15, 0.4296806897537304
15, 0.2787114461094399
15, 0.47759430647760176
15, 0.17510019633765342
15, 0.5667654576047696
15, 0.17501307979786265
15, 0.10297432449181511
15, 2.8398078359333936
15, 0.9062697024577449
15, 0.036544239318778746
15, 0.5619832432885986
15, 0.5506987866011361
15, 0.12080126087902757
15, 0.1597645538559303
15, 0.15178326311495366
15, 0.04766470029341548
15, 0.1206755106299641
15, 0.03866200357668347
15, 4.709895485240067
15, 0.6982423619309953
15, 0.06408250394247823
15, 0.771960596187377
15, 0.47262433083352196
15, 1.2208173150074206
15, 0.25996429733374965
15, 0.23581002709393717
15, 1.5535081389942695
15, 0.3114480998936395
15, 0.177413154390651
15, 0.29809901255173554
15, 2.3918783888759503
15, 1.1912125956486326
15, 1.7712757541403643
15, 0.06173078223621681
15, 0.2135950369024971
15, 1.7910431395880881
15, 0.24845503556954526
15, 0.34065913523649727
15, 0.3170267082663518
15, 0.09056682260055378
15, 0.2947682876158475
15, 0.08299858979733704
15, 0.32071712060338925
15, 0.41467187063687205
15, 0.5268826033595574
15, 0.172635540664289
15, 0.1483473117626301
15, 0.2717708199286458
15, 0.6575015245542276
15, 0.22381877020761878
15, 0.2609107993212624
15, 0.5296601541583192
15, 0.1620580746795555
15, 0.31760139155671085
15, 0.36093370223074706
15, 1.6184088205002725
15, 0.04690512628022052
15, 0.17111015719822417
15, 1.7641899779741346
15, 4.562054617720266
15, 0.19370241912610306
15, 0.026514951123939087
15, 1.5477069833573471
15, 0.27190751131516105
15, 0.16853220639998767
15, 0.7608693450280676
15, 0.11495540609584494
15, 1.718668651326704
15, 0.21700985786132407
15, 0.2639717719131904
15, 0.2810845215456314
15, 0.059247716463727375
15, 0.253761201424643
15, 0.20529009667912604
15, 0.20869600363073962
15, 0.38301177465577807
15, 0.19785604768738158
15, 0.11475767696743433
15, 0.07776429083043876
15, 0.2525087278988695
15, 6.12810950602101
15, 0.37802935939177235
15, 0.12191672217480969
15, 0.12336305886357596
15, 0.022237966287883902
15, 0.16930798625873147
15, 0.43071242483596694
15, 0.15489066822345918
15, 0.34602758766267916
15, 1.4722520609870704
15, 0.34136349601176225
15, 0.13061734742232783
15, 0.038049751906818224
15, 0.8840730102646259
15, 0.15802464309252198
15, 4.571685882166635
15, 1.5104883771262634
15, 0.32962540711166294
15, 0.8202173171631836
15, 1.1216824248427222
15, 1.859107124885658
15, 0.04041206993183698
15, 0.03509059825204181
30, 0.15389849542373968
30, 0.2521273482229138
30, 1.0575371974183094
30, 0.24723869239136662
30, 0.7848723106465602
30, 0.7165647099085066
30, 0.852815011327354
30, 0.2734647708392264
30, 0.02490319316853868
30, 0.2900602791066679
30, 0.09785721846053119
30, 1.069709335547746
30, 0.187679834147051
30, 0.02626698684798127
30, 4.444461066553339
30, 0.03305234132268733
30, 0.07186472185460953
30, 0.23715607324075935
30, 0.12144126287108226
30, 0.325575774862504
30, 0.9747419473233215
30, 0.25285360860598854
30, 0.01915065083837315
30, 0.5592758847501176
30, 0.34910664610077985
30, 0.17843515262538948
30, 0.04512059004222541
30, 0.08610504558281393
30, 0.21664949298205458
30, 0.13832649542495973
30, 0.12965933025845786
30, 0.041022181052453977
30, 0.366623220626065
30, 0.7296829257932039
30, 0.1197609846210683
30, 0.10559034636929314
30, 0.17543579388315844
30, 0.03287463822764177
30, 3.6130218169960173
30, 0.16467074282955627
30, 0.17639228015345323
30, 0.18029311818534882
30, 0.03189905280864906
30, 0.2440056801532929
30, 0.09638607968376064
30, 0.12352789975785872
30, 0.24120518273447297
30, 0.3229586743702206
30, 0.17728067894376998
30, 0.18797981548251988
30, 0.4323254796660725
30, 0.2674451289312575
30, 0.23368794673162058
30, 0.2414933893355259
30, 0.027133518463150055
30, 0.13403487610336187
30, 0.056735344097493236
30, 0.07328800370650874
30, 0.10006101117917578
30, 0.10745871024111063
30, 0.2844235497549662
30, 0.08610377424640177
30, 0.014923404502753005
30, 0.1539652091495207
30, 0.030443909510575497
30, 0.0788820555725033
30, 0.562853078632291
30, 0.03167927589848438
30, 2.808257353697874
30, 0.067506996386733
30, 1.026747185325475
30, 0.029081864838346294
30, 0.06535147106046013
30, 0.01641842215381856
30, 0.7865703673760717
30, 0.07368278635895088
30, 0.050219387826960386
30, 0.04600772820032945
30, 0.018377655303859725
30, 0.023498973845074947
30, 0.9412385798627916
30, 0.11301805628756638
30, 0.39754473528657297
30, 0.08799930218705634
30, 0.1584983576985794
30, 1.8672395259781795
30, 0.03417440814571222
30, 0.07552898677006015
30, 0.6537352155774528
30, 0.021818817634124466
30, 0.08617974889470022
30, 0.04730799421900822
30, 0.0478170703358022
30, 0.11725900978529245
30, 0.09189896607815155
30, 0.2006498744043403
30, 0.28305529830269527
30, 0.1933633585210065
30, 0.9454440686408009
30, 0.9694993077737595
30, 2.1003172423690386
30, 0.175777634516136
30, 0.10656348762667382
30, 0.13597362774783509
30, 0.27148365202647695
30, 0.039747446276353106
30, 0.0254424599601818
30, 0.050394254297406973
30, 0.13483274039371415
30, 0.16929829786208653
30, 0.13865357435464384
30, 0.709801433806888
30, 0.30748020651817176
30, 0.0968805434426469
30, 0.5054636182400437
30, 5.7888651827510245
30, 0.09092865686973638
30, 0.03729452378485223
30, 0.15464672861698164
30, 0.10661829466015221
30, 0.5124038214011253
30, 0.6371642288320077
30, 0.04530082333796141
30, 1.958906179667464
30, 1.4886299209860985
30, 0.2910914350563119
30, 0.03329652693251015
30, 0.3958387667886708
30, 0.0450924863853307
30, 0.03829537580991157
30, 0.12250999431758744
30, 0.1315522884937531
30, 0.06814039511058119
30, 0.1242047388332499
30, 0.08499276596559077
30, 0.09468121872905545
30, 0.1471961456377572
30, 0.10761680949993384
30, 0.14502904747518144
30, 0.166386511737525
30, 0.06269231773874259
30, 1.8972285452436664
30, 0.9675443274591738
30, 0.04238718775665955
30, 0.8452750297918298
30, 0.15799936712961185
30, 0.22400988662756746
30, 0.03499017327548897
30, 1.8399965247908876
30, 0.2494680865126929
30, 0.041163627120569306
30, 3.7143986869761023
30, 0.2754617379921386
30, 0.050990122313236595
30, 1.450432108710447
30, 0.056973490092218526
30, 0.06617793531637756
30, 0.24070477661205486
30, 0.020030905970825665
30, 0.0900949673298522
30, 0.12558491299770538
30, 0.13417913655882308
30, 0.6052717173223313
30, 0.39605771828644704
30, 1.0879650673173704
30, 0.1466549182206667
30, 0.030628780935873463
30, 0.10388538974369539
30, 0.06891284404408515
30, 0.41512769660049914
30, 0.618419868078452
30, 0.22172586922362258
30, 0.4442229704317547
30, 0.1811878608379866
30, 2.6502596957549556
30, 0.17113638825262814
30, 0.06277872420352357
30, 0.09290639105737633
30, 0.12857974815161918
30, 0.509875144591745
30, 0.1319968628399171
30, 0.05927534287421511
30, 0.14997567189664043
30, 0.03130721054521687
30, 0.13688824577430286
30, 0.23448813448978
30, 0.05625403471282841
30, 0.0021816096805696216
30, 0.5518777690098462
30, 0.16537486339047305
30, 0.05022543532087707
30, 1.530311076051926
30, 0.27197606096235355
30, 0.05415132959051862
30, 0.02301295430417307
30, 0.08565308336004568
30, 0.12110485891604937
30, 0.041003425887042706
30, 0.01725912612930334
30, 0.6466766984665746
30, 0.17648410240728957
30, 0.044831460163036484
30, 0.2403250570142015
30, 0.30695656949217515
30, 0.18754127107425053
30, 0.2514101680823978
30, 0.03789309197909831
30, 0.0492480881213988
30, 0.36958784956550955
30, 6.100273059458344
30, 0.09261609600978775
30, 0.009232483544648246
30, 2.4767634302180292
30, 0.10368553324434884
30, 0.20476947633246256
30, 0.05299281250422246
30, 0.057835068675703365
30, 0.4927103553468438
30, 0.07373124853556956
30, 0.937447097577334
30, 0.3659943500363274
30, 0.05427684111763249
30, 0.289223289550977
30, 0.07183697649535638
30, 0.10802582855960075
30, 0.1380758897636129
30, 0.4028127981491298
30, 0.13556633023089135
30, 0.1732506052615521
30, 0.02733577316966265
30, 0.39994160189596684
30, 1.163174464670755
30, 0.19190449085545816
30, 0.06170131539847245
30, 0.016734118891983594
30, 0.02510370288868756
30, 0.12951851486015223
30, 0.17031585418630774
30, 0.28483739596865265
30, 0.06735569825330918
30, 0.08332601022017613
30, 0.18264424954252717
30, 0.026351085243753132
30, 0.12842305615337332
30, 0.49614008653933495
30, 0.09910314263656085
30, 0.4924661627632346
30, 0.08870664766051942
30, 0.009943572042983765
30, 0.23042877336044687
30, 0.03694206587451744
30, 0.020844461748425365
30, 0.31571773898358335
30, 0.30105438387199573
30, 0.058011473341728646
30, 0.05876219038442169
30, 0.11913536138591765
30, 0.16860985597150593
30, 0.11514588165507668
30, 0.17159647385036356
30, 0.011599645284890388
30, 0.6813778594634454
30, 0.11846206476293915
30, 0.1358380460988979
30, 1.4778402168837101
30, 0.10358315828105141
30, 0.019014124796768242
30, 5.120175534906274
30, 0.061997834690549765
30, 0.02285456139313034
30, 0.5998636690078673
30, 0.01342955617361349
30, 0.11721810965364927
30, 1.1475230515689467
30, 0.14590240860870102
30, 0.1384649818593923
30, 0.05164358817148149
30, 0.038158753999871
30, 0.2788852672791467
30, 0.7696260627470546
30, 0.10087193739002559
30, 0.23639182079409585
30, 0.1398603672378963
30, 0.058685807095111155
30, 0.0270274316787441
30, 0.38959896416285816
30, 0.06068960635579761
30, 0.08302756544036566
30, 0.04935171939774135
30, 0.14047989652126283
30, 0.008224135141338374
30, 0.11403935291455458
30, 0.14839090067363395
30, 0.15999064511633618
30, 0.11968749628545075
30, 0.09890800431579612
30, 0.11018791197395017
30, 0.1969447255636125
30, 0.18279083708588614
30, 0.022168794237409806
30, 0.09879120451251218
30, 0.12342425382970187
30, 0.05367082300263328
30, 0.15003038137808206
30, 0.15135929440321108
30, 0.06322789893749474
30, 0.18204144254127205
30, 0.03907834873885427
30, 0.19563323754983575
30, 0.08325018526720374
30, 0.35501094784182324
30, 0.6564570948655082
30, 0.7820866111974001
30, 0.5976757755442391
30, 0.044919634716834814
30, 0.16934256415544108
30, 0.2802573788546318
30, 0.11606037292418371
30, 0.18516630109557913
30, 0.16532691436425212
30, 0.02586118014743193
30, 0.06991346725137819
30, 0.09051047319853484
30, 0.0780653590155466
30, 0.05405949202628479
30, 1.603639438719031
30, 0.1615418929369234
30, 0.06674510418030208
30, 0.008924562456830697
30, 0.2533438622892128
30, 0.7397315766846264
30, 0.11248598238458607
30, 0.08906353380803285
30, 0.07085822701101162
30, 0.2163035016469739
30, 1.790268677859268
30, 0.14920154152334233
30, 0.16228399764390758
30, 0.06164243660523454
30, 0.17993913442271275
30, 0.12580626672966744
30, 0.026528426721416535
30, 0.10688639539576981
30, 0.04847385047747659
30, 0.051118926668147616
30, 3.0898393683245065
30, 0.058866843156033945
30, 0.1031330809945115
30, 0.036574023008213975
30, 0.02721486678602163
30, 0.05248754812268843
30, 0.44330932295703723
30, 0.029284361972498528
30, 0.30554296557182453
30, 0.43423745380276213
30, 0.4705771801763209
30, 0.07267388116286108
30, 0.1513384746022898
30, 0.20502384454018371
30, 0.33979073213840977
30, 0.2317751017881498
30, 0.3979347972200508
30, 0.2874387081809783
30, 0.13594442224733896
30, 0.1188134350687758
30, 0.7777343029484185
30, 0.7256135678550528
30, 0.08936066483842552
30, 0.6552341554808367
30, 0.0862370659229424
30, 0.06115484437715958
30, 0.10114675183498502
30, 0.0631252679747021
30, 0.43672706127917676
30, 0.20436692709024112
30, 0.023733259131930095
30, 0.0749132270622386
30, 0.38298997527057743
30, 0.06559361190051266
30, 0.6791763461957088
30, 1.3076971358126495
30, 0.029023824418140994
30, 0.13901001397835488
30, 0.09231055921770055
30, 0.4887638598180555
30, 0.17741397180134372
30, 0.014516747327254878
30, 0.2361131458564378
30, 0.019415300145317387
30, 0.09483960191843478
30, 0.32961725580330364
30, 0.15103638588445467
30, 3.769283845165863
30, 0.04059892008912825
30, 0.28535330735741676
30, 0.0022068765067510677
30, 0.780801283911565
30, 0.10824199790210097
30, 0.10745866899361904
60, 0.10777363617167285
60, 0.21053554374115152
60, 2.0689000410720833
60, 0.08087157228163103
60, 0.014841246103933326
60, 0.15324833107755528
60, 0.2889081999958695
60, 0.17054070700998972
60, 0.1561161162079716
60, 0.10360435821230392
60, 0.03490373804539153
60, 0.06412410655993873
60, 0.05025907727927148
60, 0.35107963926243735
60, 0.24866337266741667
60, 0.09546738156033402
60, 0.2222231082410778
60, 0.023513643412417188
60, 0.019249078044154603
60, 5.351995498703541
60, 0.20131236642171482
60, 0.022569806487469198
60, 3.0793282656451972
60, 0.1976072583852758
60, 0.23298479587585638
60, 0.015656177396998767
60, 0.23005389670358783
60, 0.04048972680633598
60, 0.2449948230574164
60, 0.03522411138743699
60, 0.4126321103705717
60, 0.06407793171668912
60, 0.13129379694954846
60, 0.11049596715483541
60, 0.011310496207612876
60, 0.11172356015493035
60, 2.8637477487387826
60, 0.012549376985799257
60, 0.08311765565338894
60, 0.2159540546287632
60, 0.16076550768523704
60, 0.18057309216614129
60, 1.7834851966498373
60, 0.009029823962909467
60, 0.12310750761411954
60, 0.18695066693960533
60, 0.005540844199107257
60, 0.10542000229213644
60, 0.04401903295996338
60, 3.056507825840256
60, 0.05718456637590289
60, 0.013539295392380727
60, 0.21044440457320424
60, 0.05648486571070744
60, 0.05069500798145362
60, 1.3794702172952122
60, 0.06171538424592601
60, 0.0973511018549123
60, 0.0022131201847092235
60, 0.7504166819935909
60, 0.00937917751844537
60, 0.007936388040508753
60, 0.025484511080695896
60, 0.015612181339832167
60, 0.017700230121937582
60, 0.10233983762202686
60, 3.148734289834723
60, 0.048359346526312054
60, 0.06972879022688216
60, 0.016313696346874684
60, 0.16108304915439284
60, 0.015921030333799272
60, 0.10874275082198173
60, 0.08120795323844354
60, 0.32031415302579846
60, 0.17667293187839583
60, 0.5397607675442817
60, 0.029965950464867823
60, 0.034760274939911164
60, 0.0561637514828099
60, 0.5242816117520658
60, 0.10362304424329437
60, 0.09451655626153542
60, 0.04246321249202923
60, 0.09290755895587492
60, 0.08055263453403562
60, 0.005497325775929862
60, 0.03047794587112986
60, 1.267129488947577
60, 0.05751387721231014
60, 0.14054724993094195
60, 0.16695187838036343
60, 0.12160986984123866
60, 0.537611546101908
60, 0.062053263023410014
60, 0.08605830465169093
60, 0.07008227136249572
60, 0.14273275500925556
60, 0.0609614905322815
60, 0.037285847924185295
60, 0.01189179555869257
60, 0.07838873734540731
60, 0.30496055172533965
60, 12.431404790306356
60, 4.289077613260304
60, 0.4676707776971463
60, 0.029324314181078708
60, 0.24004638072511586
60, 0.07517942614572108
60, 0.03161917699509547
60, 0.02378660237764612
60, 0.07496767607248757
60, 0.1325064808032167
60, 0.4556279484264016
60, 0.019568213767604897
60, 0.013230909685459997
60, 0.07129864431279086
60, 0.161276172431491
60, 0.012906672683242694
60, 0.07639017284068522
60, 0.10135609860592308
60, 0.14787912919144358
60, 0.08012182037071648
60, 0.0815537998101107
60, 0.05938248506617242
60, 0.07310789782629573
60, 0.10728699123125666
60, 0.09944580563345301
60, 1.013597170501337
60, 1.8985166909179192
60, 0.018538617584774517
60, 0.07687584393247889
60, 0.27574227205911445
60, 0.008235745451378559
60, 0.03885428156830294
60, 0.11516134830631981
60, 0.024662261556521223
60, 0.030607103122649512
60, 0.04013371062737319
60, 4.480737788049929
60, 0.05032762284576859
60, 0.028763975894262894
60, 0.04909763377008435
60, 0.31253544175103193
60, 0.6223115370981871
60, 1.417840666345816
60, 3.7676794637798894
60, 0.04744722407793822
60, 0.3966990561093502
60, 1.2638488573966795
60, 0.07166678283562773
60, 0.08537360475967057
60, 0.02848128356495356
60, 0.15509002269933123
60, 0.30975558143366944
60, 0.13315489297279434
60, 0.06475319847934574
60, 0.05572510595435491
60, 0.15298827660192452
60, 0.09360797121476927
60, 0.17655535436680272
60, 0.11504312997642407
60, 0.012417517018590436
60, 0.1508866337894747
60, 0.36592257267249945
60, 0.13422672285132406
60, 0.2285215455703146
60, 0.1440707543078173
60, 0.08947947865410164
60, 0.03945704094892525
60, 0.2008856473550121
60, 0.0696497943871449
60, 0.4486934030811463
60, 0.08961540633515579
60, 0.016860938820624442
60, 0.044177668144077906
60, 0.07736244060684742
60, 0.1953221242825731
60, 0.028924700781576402
60, 0.058346161038844935
60, 0.10041315911960505
60, 0.06305300611939198
60, 0.5042252521285467
60, 0.0011241828891894342
60, 0.04217070486473795
60, 0.15183619765447928
60, 0.02463559112529596
60, 0.27529857449638195
60, 0.05940891184411873
60, 0.08729860482005469
60, 0.025688938751521843
60, 0.334447358795315
60, 1.003631015331816
60, 0.07105866572549709
60, 0.926792447868564
60, 0.016078850747976
60, 0.061973262870903364
60, 0.11933178077164991
60, 0.44541888868059787
60, 0.009645838617022649
60, 0.09849081926339899
60, 2.905914802560442
60, 0.04094483362633456
60, 0.009115912711872046
60, 0.5019571601016954
60, 0.11443976948523636
60, 0.0207734312900117
60, 0.10205898200805749
60, 0.044436323224323566
60, 0.012172303867112546
60, 2.6025093465968885
60, 0.27537634663780575
60, 0.016100909958916998
60, 0.7581849820462302
60, 0.0512845961170188
60, 0.12201693491907906
60, 0.14635421964771328
60, 0.32511269074296784
60, 0.09377939167096525
60, 0.04542009269628611
60, 0.031022145027022552
60, 0.21901825308516873
60, 0.07884131310825188
60, 0.2363428090134228
60, 0.0757294881245612
60, 0.07150960181749791
60, 0.6865711457715212
60, 0.05469780926686186
60, 0.10197351674211508
60, 0.05388480029932224
60, 0.02728922196524136
60, 0.062137316563185746
60, 0.02123321799423442
60, 0.024329364901124657
60, 0.14835696140241195
60, 0.003001561350879204
60, 0.06453748714030522
60, 0.07521627064091593
60, 0.0013789425444985656
60, 0.07027680069208316
60, 0.029186264625844442
60, 0.09515915072747783
60, 0.16251114052790533
60, 0.35028664205927634
60, 1.7206158920411396
60, 0.08902750275302003
60, 0.23286686017714497
60, 0.09421975485174659
60, 0.0364597253848163
60, 0.08808773522382386
60, 0.05918847300844426
60, 0.17501556510073216
60, 0.08543918398155868
60, 0.01605187685520039
60, 0.034686201858372526
60, 0.0767201169008586
60, 0.05764925783656911
60, 0.2495417933335867
60, 0.6050476906489661
60, 0.22503194827300488
60, 0.0010417346938234322
60, 0.04196116766742495
60, 0.14747763443644307
60, 0.06744881649757367
60, 0.011619543207252463
60, 0.07242114900201241
60, 0.09453405818270179
60, 0.06392954118519081
60, 0.011723285421957276
60, 0.04330225302950642
60, 0.04990182215501635
60, 0.2584564760730516
60, 1.0619065794154778
60, 0.06483975696258318
60, 0.11035148551153784
60, 0.02345427630710851
60, 0.1264053980340488
60, 1.473826270285375
60, 0.18270049941213998
60, 0.33521795427568946
60, 0.23169046346141134
60, 0.1163064699805779
60, 0.04843373260147923
60, 0.3087394935382653
60, 0.07786023293845554
60, 0.21171616134753352
60, 0.047275030929798886
60, 0.3436990438520866
60, 0.006970011786946079
60, 0.3566789299718588
60, 0.0036444383123298996
60, 0.00908202885086159
60, 0.02799871563215088
60, 0.04570319430025814
60, 1.0680770368204868
60, 0.052756298162813416
60, 0.30913744704210605
60, 3.7745574574728695
60, 0.24849477157692504
60, 0.06189680231807703
60, 0.304420546193555
60, 0.2658486043430518
60, 0.06447899956410377
60, 0.268397761796311
60, 0.03737054731951638
60, 0.15258257488525234
60, 0.23897773822040527
60, 0.42252766524036517
60, 1.215521034498289
60, 0.05912087313311323
60, 3.9905322841087973
60, 0.16180313347075742
60, 0.07786787575534698
60, 0.02981300695971986
60, 0.023413113380349317
60, 0.03573862446663606
60, 0.3727058360491927
60, 1.6203926957730634
60, 0.06128572707152786
60, 0.023506345045180448
60, 0.25352993588206996
60, 0.028482291659475443
60, 0.34382841410784215
60, 0.050400071691000414
60, 0.4451194332038304
60, 0.07363209842951389
60, 0.24920797620527707
60, 0.8879765201380672
60, 0.3382399644563219
60, 0.0779900831350591
60, 0.023873219762312034
60, 0.08617879649963917
60, 0.8992085693945003
60, 0.19223247695599122
60, 0.7266638299181176
60, 0.021153598305540852
60, 0.18871530438132547
60, 0.2627433410306112
60, 0.5009944089356123
60, 6.142768056403688E-4
60, 0.19770709582836457
60, 0.12676819891731453
60, 0.1775893031270837
60, 0.01621024313596393
60, 0.43918430977221284
60, 0.06709101247896332
60, 0.05947735084357588
60, 0.0027266267027465144
60, 0.10438233177493919
60, 1.8451807663062676
60, 0.09436105701604791
60, 0.16827964269404472
60, 0.15713630302401238
60, 0.34312410468095134
60, 0.07640733218976102
60, 0.055164324633503334
60, 0.20586340392442115
60, 0.25903191340996096
60, 1.554432659702199
60, 0.2724853106792583
60, 0.21128579546158918
60, 0.0059014908772385185
60, 0.06933337331023862
60, 0.03239482824116923
60, 0.00871801798798835
60, 4.971253672319164
60, 0.4019212242577116
60, 0.024726681966374873
60, 0.06364464039135719
60, 0.14802377051857052
60, 0.10342184290833407
60, 0.09424683321218755
60, 0.0962263913196225
60, 0.15496319582212664
60, 0.015925009316785182
60, 0.050041891870245506
60, 0.1846235845908281
60, 0.07927797925145169
60, 0.8945013317421371
60, 0.035250346638333575
60, 0.03942831432735618
60, 0.05890629703242895
60, 0.5038264914093823
60, 0.7271482273042811
60, 0.17541444914029736
60, 0.1827541302492556
60, 0.08980963942194796
60, 0.4979976887788971
60, 0.12476591116985022
60, 0.006423685890376037
60, 0.08101188666127941
60, 0.026815231088822295
60, 0.05752161799007292
60, 0.17540731107607208
60, 0.17352729503054037
60, 0.1931787714705671
60, 0.06163408468102056
60, 0.11978048650445551
60, 0.48279368177381066
120, 0.14023010945263692
120, 0.11091189302524503
120, 0.00775226302045417
120, 0.013631082482470577
120, 0.020687723581859187
120, 0.08480968849120692
120, 0.07167405342728563
120, 0.024454982630154835
120, 0.15571618662641742
120, 0.160713706336431
120, 0.02593454348792466
120, 0.1678923521154949
120, 0.06334721636516173
120, 0.19386415535244056
120, 1.058113071154523
120, 0.1730752673531283
120, 0.315241567557957
120, 0.23603048372842256
120, 0.04206633938056357
120, 0.1736866994488277
120, 0.027872735556456973
120, 0.037209992030467175
120, 0.22612277197244116
120, 0.01785944396588028
120, 0.4028116370813429
120, 0.521556571258481
120, 0.4954198809297742
120, 0.3357574822700884
120, 0.04356420966966203
120, 0.007763096010800841
120, 0.022770219637694277
120, 0.015322805582024085
120, 0.010061397724458694
120, 1.4080805865996677
120, 0.5394088083615456
120, 0.044328986856363446
120, 0.08174574951667679
120, 0.058132970474846994
120, 0.11619921586639448
120, 0.18610102390327307
120, 0.3440036505717492
120, 0.14932587695881117
120, 0.20029977078228145
120, 0.15227529945240592
120, 0.05830452148939722
120, 0.2504929523798963
120, 0.08409374803973813
120, 0.1899351061492745
120, 0.02209544254571794
120, 0.1302327314116984
120, 0.008064256027655193
120, 0.015264853964994907
120, 0.10004538988406339
120, 0.1356481284318116
120, 0.02167591092485269
120, 0.2692989653824136
120, 0.0642606609854562
120, 0.0575996862313851
120, 0.08546946137157921
120, 0.22738363056610458
120, 0.008280835758507517
120, 0.16904177633568546
120, 0.042000057010444763
120, 0.05086270380048143
120, 0.12994996211988574
120, 0.06726433370616111
120, 0.01168930237774088
120, 0.03558029124587539
120, 0.025347712356473946
120, 0.145442431787098
120, 0.006575312345874285
120, 0.008958694292482524
120, 0.02861025307342294
120, 0.8264056061941742
120, 0.11702006492036697
120, 0.09700179314538644
120, 0.10827481731072035
120, 0.011722868343606455
120, 0.13245674887766862
120, 0.013107703045825128
120, 0.1503090990447585
120, 0.0302635115698283
120, 0.03640565446131981
120, 0.05839910096843096
120, 0.16492400080362662
120, 0.011835355247587971
120, 0.5673228136740255
120, 0.10858791225434469
120, 0.12015897436288878
120, 0.11564629308779747
120, 0.03139619648002333
120, 0.7226710861690478
120, 0.017620548505010606
120, 0.42566938261734427
120, 0.09675896477504647
120, 0.08428611837800412
120, 0.10447812124718775
120, 0.014055481787943533
120, 0.15844400948526047
120, 0.1747771317791881
120, 0.033856469094797836
120, 0.1609308839059616
120, 0.0063361280752333845
120, 0.01700558214454396
120, 0.21245667354848008
120, 1.0281316098485378
120, 0.15445996439364484
120, 0.03263763125000573
120, 0.008859767929049366
120, 0.07336410248319009
120, 0.15125692217524644
120, 0.027577523163195485
120, 0.061425956038874574
120, 0.10411085003931786
120, 0.034215646302726374
120, 0.1476050287730972
120, 0.48736205242942304
120, 0.11762463161797035
120, 0.34702668403706044
120, 0.35763884037674615
120, 0.042394451687351085
120, 0.017570329208189222
120, 0.06678600246502589
120, 0.04629077594099412
120, 0.4746142730538288
120, 0.03746153548585949
120, 0.006729771054606792
120, 0.06553506077395355
120, 0.024250894126470923
120, 0.009776990026940631
120, 0.2863694254545133
120, 0.046476217906594015
120, 0.09850573851657565
120, 0.05636925857466768
120, 0.052403105619422116
120, 0.040250373079483065
120, 0.03900797168105258
120, 0.009319957264190496
120, 0.10158950223209806
120, 0.8933955235398345
120, 0.031999121781067445
120, 0.36364920382437904
120, 0.12183351447720107
120, 0.019482699821925416
120, 3.110071406468872
120, 0.0036288553649124226
120, 0.025472993792421787
120, 0.15909639403102044
120, 0.011167255283183205
120, 0.1395544757450355
120, 0.16040127180535055
120, 0.012585916904278708
120, 0.09583126023716132
120, 0.03723607935084387
120, 0.09991740468652786
120, 0.010422882040673464
120, 0.06867671215147755
120, 0.1367695161905967
120, 0.4634787658187506
120, 0.09026153166113478
120, 0.04345327796132879
120, 0.3186114411693144
120, 0.10726848649126974
120, 0.2608741891677318
120, 0.024284484860928136
120, 0.14061951685123894
120, 0.005405825934819269
120, 0.01751698455711867
120, 0.24296753355324788
120, 0.009189200661576122
120, 0.20879999805325625
120, 0.08158789767692284
120, 0.0746522776715871
120, 0.25460342995491214
120, 0.06015971735189295
120, 0.05594023213100129
120, 0.030580136110683276
120, 0.19600384578303914
120, 0.07582680185332705
120, 0.10444421944755633
120, 0.0018693466064794134
120, 0.590099191042995
120, 0.13546803926972562
120, 0.09694576463638027
120, 0.2718223860518924
120, 0.241871934376504
120, 0.10607354732152562
120, 0.9479214841692304
120, 0.07886561112539955
120, 0.08006269164390876
120, 0.011040788473147047
120, 0.19807594679161256
120, 0.07857068282780737
120, 0.03266894177061487
120, 0.012910689011672654
120, 0.07159298638357621
120, 0.062351297328259704
120, 0.02852037841297853
120, 0.11119615731525825
120, 0.03024999485803757
120, 0.10468818890572858
120, 0.11515022144288585
120, 0.13200303532211044
120, 0.1611621317826145
120, 0.048163608999688474
120, 0.03169191446679875
120, 0.09510687386987912
120, 0.07170889604010054
120, 0.9657016454800034
120, 0.09446893105476954
120, 0.13177006796940713
120, 0.09415417461143231
120, 0.047849132288557736
120, 0.13355450060658847
120, 0.12817380682946722
120, 0.014020523458933612
120, 0.0033261213823846856
120, 0.01563108085859207
120, 0.05606448324788634
120, 0.49931497632797756
120, 0.1821876113765088
120, 0.7640953345892983
120, 0.08142303167380292
120, 0.038898754307099735
120, 0.1231223728431046
120, 0.08745936766952793
120, 0.11777266162994099
120, 0.10386240476037234
120, 0.2375981079138157
120, 5.486755651806644
120, 0.20985659863063624
120, 0.20147821108847844
120, 0.10544232527507556
120, 7.3374152674569535
120, 0.07104744359615722
120, 0.010630171385651298
120, 0.022901008466416746
120, 0.007846904099106163
120, 0.0893334682958608
120, 0.010476370486843713
120, 0.023267572019362585
120, 0.150033218817471
120, 0.004173170007023532
120, 0.21024344685613083
120, 0.0518268582534275
120, 0.08246187120709297
120, 0.018803118951453302
120, 0.14446644688288118
120, 0.30286637351494333
120, 0.06899892622479363
120, 5.344539490356409
120, 0.06646085649729103
120, 0.010980908532108967
120, 0.016271765717800833
120, 0.03425148025410585
120, 0.05543400777646941
120, 0.06705428130495965
120, 0.21227081064958514
120, 0.04109461531010227
120, 0.07012340111864246
120, 0.023834926889855456
120, 0.07832173934304036
120, 0.17738098107621497
120, 0.014612941757868456
120, 0.10180233089290681
120, 1.0306699219959177
120, 0.16866623088147847
120, 0.11502690367648997
120, 0.27792747972807447
120, 0.010738718996725431
120, 0.014739255656476406
120, 0.02931607695694046
120, 0.05714676954974211
120, 0.08775154900211919
120, 0.07344557956017916
120, 0.033689012660414096
120, 0.008167643808480788
120, 0.027247648218071678
120, 0.008847122876131382
120, 0.21401668421781045
120, 0.020929518854072494
120, 0.03428836968846651
120, 0.2254081198973669
120, 0.10078749839905503
120, 0.24286770912984895
120, 0.1388344729462279
120, 0.030194040140156593
120, 0.45184896710079403
120, 0.5854796368553868
120, 0.015848656724833248
120, 0.8512441647680753
120, 0.17283600381694592
120, 0.013091769996404027
120, 0.16385503326905795
120, 0.04358355204618395
120, 1.4340851647745378
120, 0.42349807845438486
120, 0.08368865491364573
120, 0.03374481919019782
120, 0.1360799737994362
120, 0.04354387812225796
120, 0.04184894357346915
120, 0.06031542429874895
120, 0.37751995801004257
120, 0.3776354649458848
120, 0.019839579843914063
120, 0.07863912545048715
120, 0.07107754572623823
120, 0.1359839928852035
120, 0.20315108479772614
120, 0.8312934660248485
120, 0.004237023486789698
120, 0.030471046585269605
120, 0.06670912043563708
120, 0.05841275000162983
120, 0.01620113290521868
120, 0.02560017638547353
120, 0.1078496812464461
120, 0.03168524710548509
120, 0.43269737824896654
120, 0.023907742037107445
120, 0.0661910099213561
120, 0.13109838144390784
120, 0.009258133223181775
120, 0.32661355216597115
120, 0.22581336879521277
120, 3.0460348657830965
120, 0.25589097172076564
120, 0.3623286543747191
120, 0.2979908137886478
120, 0.04475839653774291
120, 0.0037838819963807086
120, 0.011057602578303603
120, 0.10120417958767301
120, 0.054587057074757646
120, 0.37651359073245666
120, 0.01448490382875673
120, 0.09301933934063443
120, 0.6426691805408067
120, 0.13888173303501933
120, 0.09257501583722437
120, 0.1352782681336403
120, 0.12045707944280712
120, 0.08310607022777106
120, 0.7027549759540779
120, 0.05065438085982287
120, 0.03128706118565573
120, 0.3220008166502902
120, 0.08984373640153455
120, 0.12059411361218292
120, 0.02673827516917319
120, 0.1077832760708428
120, 0.049580589315304104
120, 0.22105747441111134
120, 0.27319603219567246
120, 0.012940771344048405
120, 6.126604464730219
120, 0.11157459178590877
120, 0.046663813194862694
120, 0.807997542615619
120, 0.040609275054280594
120, 0.04222795151441049
120, 0.06323024805656283
120, 0.2329496757837753
120, 0.05791162834566547
120, 0.14459721184490507
120, 0.026630289660378868
120, 0.04481962013944852
120, 0.11000827460300105
120, 0.0492278236487756
120, 0.019494322006514766
120, 0.2469612263290977
120, 0.04186875673757367
120, 3.359392440518725E-5
120, 0.06782701826802552
120, 0.19460462954117402
120, 0.7053692574803102
120, 0.4087107918696348
120, 0.08681292730364383
120, 0.020583325211993474
120, 0.06506879642526506
120, 5.310550011926017
120, 9.230666716034463
120, 0.25697778629598617
120, 3.5291659531886324
120, 0.23619025406251695
120, 0.06912764229176661
120, 0.01325737134564052
120, 0.11685291317556964
120, 0.16074462569615566
120, 0.36757559137436235
120, 0.02129766147566178
120, 0.04938163368186911
120, 0.07434966760695474
120, 0.10443388217326179
120, 0.013229749043685466
120, 0.1261107345338944
120, 0.03441230007337476
120, 0.06294332375674805
120, 0.08855682081859287
240, 0.07133209777698248
240, 0.10805278801536353
240, 0.42131860312324704
240, 0.30836160227664056
240, 0.0212744507834333
240, 0.06279698261219709
240, 0.0636087287291256
240, 0.029642378882865788
240, 0.014402623789429697
240, 0.014054798956904294
240, 0.11487530826506044
240, 0.09292032490099723
240, 0.011327975688591122
240, 0.16773545446689575
240, 0.07398048173020173
240, 0.5213164614620001
240, 0.13707129812884541
240, 0.09947778117961367
240, 0.16681602868262313
240, 0.008190635438419434
240, 0.15025428134877236
240, 0.07163376634443906
240, 0.06131036346626667
240, 0.338879732887092
240, 0.1556214989471736
240, 0.13361402620819235
240, 0.2671252602576186
240, 0.358218343880423
240, 0.019047187202489557
240, 0.22327361210426958
240, 0.05024180201955217
240, 0.019315792864523052
240, 0.6683916296829511
240, 0.6465828165369105
240, 0.05250219366562277
240, 3.795928189471919
240, 0.06639504898921553
240, 0.03430334720546514
240, 0.20616224849617754
240, 0.00978626582349019
240, 0.08243712220559306
240, 0.056129407364597046
240, 0.008402345780347676
240, 0.19558547976446647
240, 0.05487713521186543
240, 0.007999691759825525
240, 0.08544142361311013
240, 0.2967950812834553
240, 0.03366733862035825
240, 0.10736098521244998
240, 0.4853448030171191
240, 0.014006510670817188
240, 0.005612143265379805
240, 0.096118879126914
240, 0.012953848559192958
240, 0.06665064704185505
240, 0.11930529911947838
240, 0.008787992140588702
240, 0.07807270345635825
240, 0.04620372233711627
240, 0.11237960477394371
240, 0.0893705936396012
240, 0.022446488355438773
240, 0.3192785556663268
240, 0.004013425871644891
240, 0.08034481680284071
240, 0.03528700644760885
240, 0.07055618258382933
240, 0.0519726881106624
240, 0.038403547810285744
240, 0.14684918013812934
240, 0.05281995386877275
240, 0.06662143722318574
240, 0.0682378394408427
240, 0.335264523409324
240, 1.430513765901261
240, 0.15093564602395806
240, 0.03066016330037972
240, 0.10728747447337249
240, 0.05398508518785864
240, 0.06487772613128835
240, 0.10311849181705758
240, 0.2217660854172951
240, 0.060942888651561875
240, 1.3677909082170292
240, 0.08504816576771101
240, 0.025203011420967737
240, 0.009013443981325189
240, 0.12464522172739968
240, 0.01860551192961358
240, 0.12569893406462684
240, 0.035380898994200015
240, 0.27188118147263807
240, 0.023352800758565353
240, 0.530628355628653
240, 0.1136874952397942
240, 0.21583130107579956
240, 0.015744913450183053
240, 0.038294924097324975
240, 0.0018881708222146458
240, 0.052398978385687904
240, 0.09519044053808287
240, 0.3361638810784671
240, 0.029942660638899873
240, 0.010332475956373776
240, 0.13963895581362154
240, 0.022732404975381048
240, 0.01881922198026011
240, 0.09270216622141933
240, 0.005206043126662328
240, 0.010791960591334703
240, 0.13174678512953225
240, 0.004454339989796488
240, 0.013386052096482404
240, 0.09729290890486719
240, 0.010149260555155134
240, 0.08356175562315107
240, 0.527197042325202
240, 0.0202477580334592
240, 0.09413511633704158
240, 0.2129771834244515
240, 0.4002808718719838
240, 0.21156378025909242
240, 0.02138147462225029
240, 0.044271769559866087
240, 0.040141076441564796
240, 0.3850506360256157
240, 0.013677289105903006
240, 0.008487447386841951
240, 0.33424329560876037
240, 0.06253937841314372
240, 0.12546746282698354
240, 0.06495819579327351
240, 0.11580307358436148
240, 0.044595595385181604
240, 1.0038699193909693
240, 0.18508126473778605
240, 0.1523731287932883
240, 0.058130594071082814
240, 0.032377336004217855
240, 0.08199027327597444
240, 0.01257666113104115
240, 0.20528521483674778
240, 0.005650552072709868
240, 0.028855064886076986
240, 0.019514507017967118
240, 0.16193537575291594
240, 0.006643065360165948
240, 0.20294182442823575
240, 0.037152867060244406
240, 0.08121168454931657
240, 0.03290349232984825
240, 0.06212040195069701
240, 0.2077151669371723
240, 0.5412329576262317
240, 0.11147251466831286
240, 0.0019499854646076661
240, 0.008309784965079635
240, 0.026480984667561908
240, 0.19139105139855614
240, 0.3152055238230616
240, 0.2805925004027293
240, 0.09415858652137721
240, 0.21299707526099687
240, 0.007696495513454123
240, 0.12307205644140172
240, 0.011379747763409344
240, 0.05770629819985616
240, 0.08119383233147429
240, 0.0788306442392556
240, 8.952023787265958E-4
240, 5.285648483814538
240, 0.036381992793372654
240, 0.02117550741138314
240, 0.04218540036890125
240, 0.030587089563831008
240, 0.1590622870134676
240, 0.0593409814264888
240, 0.013227993910868301
240, 1.5207756902907463
240, 0.07469398197677489
240, 0.030911516020949204
240, 0.034898294656994774
240, 0.3644817738241476
240, 0.04147119563123911
240, 0.14043099227068895
240, 0.09455203959678354
240, 0.4170616331098047
240, 0.0285087295780039
240, 0.16593729087269857
240, 0.5171251403667912
240, 0.15235167017589601
240, 0.018593117769783712
240, 0.04292267406999222
240, 0.13772708902268743
240, 0.13056306668823725
240, 0.019004551310117527
240, 0.043019975703990486
240, 0.042012846131602714
240, 0.08428351852553169
240, 0.01687749517817649
240, 0.09244267603135262
240, 0.07184409476065928
240, 0.044389192603954214
240, 0.0011247219163670948
240, 0.002910603947746443
240, 0.0218972055152454
240, 0.6339044992431708
240, 0.007751285439721637
240, 2.4007115975731512
240, 0.1816297727895832
240, 0.017930535899042144
240, 0.13184225870499333
240, 0.04200439790502569
240, 1.2504617469238413
240, 0.003644040898103208
240, 0.0020720009102384394
240, 0.044400473172502876
240, 0.055175419813907584
240, 0.031097642650685733
240, 0.1396559456418003
240, 0.015965070581295735
240, 2.504671686969493
240, 0.6106426388334385
240, 0.016621896896862658
240, 0.007244739304191677
240, 0.45356247092580043
240, 0.08452293818165005
240, 0.047747547615994666
240, 0.01793849878968785
240, 0.02365275690115808
240, 0.14550693890851682
240, 0.20025469581000624
240, 0.13692048807226018
240, 0.08546786419790416
240, 0.16593325283977614
240, 0.006277278804028068
240, 0.14233628876604076
240, 1.589350374567656
240, 0.010133868088624102
240, 0.10802413601829755
240, 0.1176084885052316
240, 0.09748714909066454
240, 0.13410468641508436
240, 0.0826277009055142
240, 0.12334695394947609
240, 0.019426001440647912
240, 0.029747711438028835
240, 6.011543967863317
240, 0.027541750711115934
240, 0.03103895788869603
240, 0.01137519734951922
240, 0.15327097379154012
240, 0.08554097151505066
240, 0.004068272554533342
240, 0.13393001042070804
240, 0.04727119004409967
240, 0.06123982646245182
240, 0.08169262601965864
240, 0.04975328223305427
240, 0.03908362229738675
240, 0.34501236634380883
240, 0.165983414602787
240, 0.07656392704236886
240, 0.05832996515955867
240, 0.15391355537950832
240, 1.9398382397276879
240, 0.2287988608050993
240, 0.0506254765955869
240, 5.805073529583764
240, 0.04434045360817401
240, 0.16342219782207065
240, 0.025988349828210203
240, 0.08413077231596795
240, 0.10077229194595701
240, 0.08088449784577305
240, 0.23151727550517756
240, 0.035063501218125424
240, 0.1393541163271085
240, 0.2130939937502637
240, 0.01092901413287374
240, 0.08269888394487752
240, 0.10618436437145223
240, 0.15474965333961593
240, 0.12629829763476674
240, 0.08973126530967811
240, 0.21794218013877825
240, 0.2510863868524201
240, 0.001442593058780481
240, 0.03235331990826535
240, 0.10230190222604436
240, 0.04796142064524265
240, 0.29649207515769965
240, 0.11314542902960888
240, 0.08512109858639892
240, 0.025458136841921938
240, 0.09757168146393683
240, 0.20198350482435642
240, 0.2725584090066138
240, 0.012046387458522361
240, 0.16598765451872644
240, 0.024302091785395885
240, 0.008428274469600879
240, 0.07043559054271668
240, 0.03327510961115806
240, 0.039025998748876765
240, 0.07125198009019315
240, 0.1107468647416293
240, 0.2572092869308665
240, 0.4070809641927901
240, 0.011004404182921623
240, 0.0021563487498716585
240, 0.31446165682608807
240, 0.007691187130115993
240, 0.07248569812948877
240, 0.43354135513520276
240, 0.06342273930830125
240, 0.012284051814153927
240, 0.06171265361601538
240, 0.004683690521931745
240, 0.47287430239922773
240, 0.2102125907572417
240, 0.047632493112399754
240, 0.13607906199672326
240, 0.1328776087906003
240, 0.034002792498537146
240, 0.5981752247714975
240, 0.03189675215482664
240, 0.021190537457005876
240, 0.25572091640717654
240, 0.017982144061058407
240, 0.5382500899740078
240, 0.004702589196382132
240, 0.015430824314819729
240, 0.3610691039649866
240, 0.05132895915651529
240, 0.023161109514806145
240, 0.011202301562448004
240, 0.15048879915523633
240, 0.05874010652929855
240, 0.02184019289888566
240, 0.12464320814877197
240, 0.037964993546847826
240, 0.2239184793568856
240, 0.046686222298803516
240, 0.010435617534682229
240, 0.11728737139517754
240, 0.01120956809296972
240, 0.13836329373035663
240, 0.012793424347694543
240, 0.11150101131725589
240, 0.15326416275771085
240, 0.08680747286714442
240, 0.05609724722026563
240, 0.49255328530951
240, 0.25968467758964187
240, 0.22428334713418674
240, 0.0527896056492557
240, 0.021195896376595254
240, 0.03891892613139474
240, 0.10606682133929057
240, 0.10172831969297562
240, 0.10510386086936344
240, 0.06993183561223436
240, 0.01536222076209963
240, 0.06464279449687925
240, 0.0051090168060213695
240, 0.05315546341823706
240, 0.028638931780159402
240, 0.16188194159043637
240, 0.10985321505164318
240, 0.06146979020762138
240, 0.0566111223228096
240, 0.07949138862666938
240, 0.24174648823507575
240, 0.18374376791138547
240, 0.28232372434517655
240, 0.28070814954630224
240, 0.08247343346805046
240, 0.08577497791650676
240, 0.1019027863015158
240, 0.05555670588739147
240, 0.0051623969651131306
240, 0.12478954893965742
240, 0.0710923507522003
240, 0.16053093600625493
240, 0.08186727586109542
240, 0.04005539741581396
240, 0.29444190524607794
240, 0.19332476250523248
240, 0.3513697818213455
240, 0.12292039502059866
240, 0.2946736047401084
240, 0.0543800407514974
240, 0.0027724982583693086
240, 0.05133001849621927
240, 0.1504951709960679
240, 0.051353094473259885
240, 0.34900139523120555
240, 0.8471836690806968
480, 0.18901764793037584
480, 0.3305224255923028
480, 0.04904947459664731
480, 0.07751325815538866
480, 0.02661330651685736
480, 0.01856442981072582
480, 0.12078289828338316
480, 0.0038872537989238735
480, 0.6990421228681005
480, 0.04662930084789626
480, 0.11343706535908316
480, 0.09295174378085257
480, 0.04014812522363636
480, 0.022173344354141977
480, 0.17651360837243235
480, 0.026363805772923583
480, 0.16226118082589092
480, 0.036127799334802896
480, 0.014328681555110056
480, 0.09692570707254254
480, 0.013003591409131687
480, 0.09679617232859887
480, 0.4777873768660502
480, 0.11564141159840527
480, 1.0801425336133323
480, 0.033160997499213765
480, 0.10665977632231716
480, 0.005049383324082391
480, 0.011822573296352796
480, 0.11130903589785542
480, 1.17237899268196
480, 0.11606587870492462
480, 0.1319645193956293
480, 2.687941783903708
480, 0.06252336347307687
480, 0.08878682145656731
480, 0.14011685127249854
480, 0.027803128556707732
480, 0.07562693613435066
480, 0.002944968477667996
480, 0.02368055388003875
480, 0.0542553062632757
480, 0.09562573688382091
480, 0.3576582991684963
480, 0.03693559716897296
480, 0.0886640136294658
480, 0.233829080767658
480, 0.0365040007525622
480, 0.002973360895714162
480, 0.0190497024920557
480, 0.30059914558808787
480, 0.021612584091687283
480, 0.054549398762655466
480, 1.099021181314595
480, 0.021524654403633724
480, 0.1870220292825365
480, 0.019131609985896855
480, 0.1437956124807665
480, 0.0942435706041783
480, 0.09667898015076265
480, 0.008524354714761106
480, 0.23403562409673798
480, 0.048078465469151385
480, 0.09907126047943753
480, 0.4765051982206149
480, 0.00491089192666429
480, 0.005856858003783778
480, 0.019848393881736683
480, 0.14084112892981107
480, 0.10495504735510004
480, 0.01722822175134454
480, 0.06083292110355603
480, 0.12432539311244589
480, 0.018582644168850925
480, 0.09232595883723263
480, 0.014156523775564122
480, 0.09202028851071468
480, 0.049985393453718364
480, 0.19768870951811024
480, 0.0340904170847873
480, 0.4589584884182237
480, 0.20295160808556983
480, 0.05323243580338883
480, 0.8678244033433006
480, 0.09332662556609628
480, 0.012451214847787556
480, 0.10918178639973952
480, 0.043759743046215764
480, 0.01911235134801224
480, 0.10805442469525993
480, 0.050136186976924395
480, 0.30416867821801635
480, 0.001456074659102484
480, 0.03250808808902235
480, 0.05045568225991298
480, 0.018038243464174087
480, 0.061532673361339336
480, 0.06721061410462875
480, 0.045475008497743975
480, 0.08007981563330348
480, 0.30537781331367997
480, 0.008398679231603675
480, 0.13795311349353534
480, 3.5283920310945205
480, 0.31410512055859063
480, 0.07341460871350915
480, 0.7175490844469119
480, 0.04767753978941617
480, 0.03390339848125752
480, 0.0684331580482236
480, 0.10523431989048326
480, 0.19779501983617248
480, 0.1563672426749926
480, 0.08106554774322404
480, 0.062424798575344664
480, 0.032888246878025676
480, 0.11688980090822439
480, 0.11423164035012708
480, 0.09174497571293588
480, 0.3305689134878341
480, 0.03640961195986776
480, 0.023409427443692506
480, 0.017118140598816
480, 0.02207597989751295
480, 0.11145349992355483
480, 0.139758759099347
480, 0.040784349834363215
480, 0.001468926842223102
480, 0.2246456230585457
480, 0.008783889446393415
480, 0.04576826685133792
480, 0.0202674047202947
480, 0.043863651354863475
480, 0.11178427263841414
480, 0.013879470269010506
480, 0.06077729715654567
480, 0.009225136808402545
480, 0.24211550529633816
480, 0.03937791699497903
480, 0.031999118207362696
480, 0.14805830325609753
480, 0.021270082071119134
480, 0.20673775924555884
480, 0.012197158083637935
480, 0.1124296989166609
480, 0.03990581485100693
480, 0.44996984823348957
480, 0.2366855797017158
480, 0.0163638135008954
480, 0.012629235647309897
480, 0.10324399735502776
480, 0.06387946151707205
480, 0.06469099693412651
480, 0.039904073588411144
480, 0.12511537744551066
480, 0.0038484532533983695
480, 0.11138049887279498
480, 0.39694687517663674
480, 0.05157007925824471
480, 0.017934898707200397
480, 1.164402749936392
480, 0.05241213051258715
480, 0.01913682350587374
480, 0.02561102521449076
480, 0.052858942741865915
480, 0.17266211578131554
480, 0.09028560916448718
480, 0.196573575463269
480, 0.020938459283599192
480, 0.04047837990528746
480, 0.20844542166698882
480, 0.04126789824374074
480, 0.15035563744346353
480, 0.14811647021832658
480, 0.014874050659927831
480, 0.18185455502109119
480, 0.029680676437237166
480, 0.07371144350420356
480, 0.07667901588378698
480, 0.0478550744241812
480, 0.047608600973551185
480, 0.02971001552033076
480, 0.014184289590877764
480, 0.027948908967065884
480, 0.3736789313434445
480, 0.041007047216994524
480, 0.07992374007579311
480, 1.027104136935012
480, 0.025217532511128755
480, 0.004659973126543363
480, 0.09429936639014559
480, 0.007662691047246041
480, 0.02498587613203517
480, 0.30811752371270695
480, 0.1475659514317194
480, 0.6220486092769053
480, 0.11129523829160475
480, 0.008911932184899182
480, 0.22157198406801362
480, 0.14799985663880214
480, 0.460253543424134
480, 0.08316466339585168
480, 0.014130886162401069
480, 0.11375053559472503
480, 0.06433011822563692
480, 0.03360365512372278
480, 0.11489048199075137
480, 0.13913853301019927
480, 2.0571295504282796
480, 0.007492136924617016
480, 0.053370092111822705
480, 0.044124192868573414
480, 0.10481051822306592
480, 0.07075135983734275
480, 0.003353113849544654
480, 0.06665176898647797
480, 0.049364674995506334
480, 0.02744821456978867
480, 0.002144321451215572
480, 2.263008567425909
480, 0.04547867777031722
480, 0.008283666541243994
480, 0.010836969985399814
480, 0.05375414213718795
480, 0.11360396290214739
480, 0.4872941994586658
480, 0.10000854211203507
480, 0.051073358433378624
480, 0.019435137213826857
480, 0.0323199366268831
480, 0.7746528195318099
480, 0.04555341391995867
480, 0.22679227037174876
480, 0.006675625978404423
480, 0.05800358474096549
480, 0.01481783472764757
480, 0.046341892097902036
480, 0.03446759449265843
480, 0.3955414279143743
480, 0.05643772507992044
480, 0.12037951940256676
480, 0.07777326709809187
480, 0.1346364097097558
480, 0.09250143524408143
480, 0.017301178467299158
480, 0.020497250842322276
480, 0.07015697766533686
480, 0.20887074704330957
480, 0.009621808575957829
480, 0.07042389933939107
480, 0.09528925986076288
480, 0.00941467491971028
480, 0.0522551350887129
480, 0.38917487038870546
480, 0.2125646769094631
480, 0.048317655029409524
480, 0.04050939945144009
480, 0.010870674270138384
480, 0.045599585083776956
480, 0.024644701312156517
480, 0.12743281382775917
480, 0.015424395889395348
480, 0.025860970240543308
480, 0.059647939000470926
480, 0.007259670725044856
480, 0.4762198763721023
480, 0.042354936045508905
480, 0.02269767277558498
480, 0.012617608771557006
480, 0.1144549667521429
480, 0.006026050272868416
480, 0.1587893578411121
480, 0.1725705480486529
480, 0.2504670174915657
480, 0.008379334388536828
480, 0.16465144477191482
480, 0.0982589686693603
480, 0.043514600634892625
480, 0.3375001016735606
480, 0.30924584919183185
480, 0.04417472760608853
480, 6.896418937025132E-4
480, 0.024142806911994233
480, 0.017244617778126168
480, 0.32996445185887663
480, 0.13759911472374542
480, 0.06867708722534967
480, 0.02885936578346446
480, 0.07756408074022483
480, 0.037275331664863194
480, 0.12016245699193336
480, 0.021170061272062533
480, 0.029207985139744194
480, 0.013618515105951294
480, 0.1239227335071955
480, 0.03433506259913496
480, 0.04126297519033247
480, 0.015572512215314124
480, 0.33606134487823064
480, 0.047168005164758046
480, 0.006034077627391445
480, 0.05511618472136172
480, 0.11594856307915881
480, 0.15263326176643907
480, 0.10741407276172028
480, 0.18237448745579013
480, 0.13093140308747003
480, 0.06166967320665655
480, 0.019241137588854568
480, 0.06006841000163277
480, 0.49887879386830997
480, 0.8344302982151387
480, 0.05383680314713717
480, 0.03255184452736627
480, 0.04918917626338972
480, 0.012947579125504427
480, 0.0119491044172247
480, 0.1616358894979114
480, 0.19293123321750225
480, 0.021005175280361634
480, 0.13916663024605821
480, 0.03489041292165296
480, 0.0273449207832598
480, 5.687050928808667E-4
480, 0.0035774441187675595
480, 0.12965927281519335
480, 0.11268216433756778
480, 0.106083113983353
480, 0.023274123275594253
480, 0.14437241073973098
480, 0.053840198526800095
480, 0.04420281758075218
480, 0.3266004880218284
480, 0.1117983994119973
480, 0.014935058861392424
480, 0.2507520073345643
480, 0.034192511388179025
480, 0.37834221566935317
480, 0.011171444758379556
480, 0.46660682434424455
480, 0.09000688432799786
480, 0.049280938455625124
480, 0.10403575115488573
480, 0.21214755917054742
480, 0.016925715516861922
480, 0.07430601464430617
480, 0.08476232896470699
480, 0.1354985575364921
480, 0.06416867198383812
480, 0.08308734287211869
480, 0.08004027239509544
480, 0.25021681678359714
480, 0.08072365414120898
480, 0.1638760532437096
480, 0.1469483323288542
480, 0.10420291708291457
480, 0.17641652579823203
480, 2.313264396296354
480, 0.15022780255650678
480, 0.03189886135135705
480, 0.017328063635388635
480, 0.014182633723230725
480, 0.13922352083711825
480, 0.04650184324512164
480, 0.08584842377822238
480, 0.006736442960332861
480, 0.08755793906898852
480, 0.08321886828697359
480, 0.0012611702807228402
480, 0.05628769408824941
480, 0.28785643807628825
480, 0.08004946703335385
480, 0.01600479226968593
480, 0.20912240947434182
480, 0.0565631310801253
480, 0.1968797815585072
480, 0.5158949432249517
480, 0.14547482703900064
480, 0.04717976975484925
480, 0.022346059085160453
480, 0.08617893829025534
480, 0.11815861623544813
480, 0.2006205826885903
480, 0.0027887715978693714
480, 0.04083006779229012
480, 0.09877152966258891
480, 0.027508848202903904
480, 0.0033697726319586235
480, 0.027210194350992593
480, 0.03255160055062796
480, 0.011263929779933209
480, 0.0178605492334606
480, 0.020821058945236972
480, 0.07254426930171753
480, 0.10731887446126391
480, 0.05194786153473697
480, 0.371590670183538
480, 0.019575932348731118
480, 0.10675510639555809
480, 0.2974468838192331
